{"data_time": 0.004699250683188438, "eta_seconds": 128.9612939953804, "fast_rcnn/cls_accuracy": 0.0234375, "fast_rcnn/false_negative": 0.0, "fast_rcnn/fg_cls_accuracy": 0.05625, "iteration": 19, "loss_box_reg": 0.8127512633800507, "loss_cls": 2.595238447189331, "loss_rpn_cls": 0.1671799272298813, "loss_rpn_loc": 0.08778083324432373, "lr": 4.99525e-06, "roi_head/num_bg_samples": 96.75, "roi_head/num_fg_samples": 31.25, "rpn/num_neg_anchors": 217.25, "rpn/num_pos_anchors": 38.75, "time": 0.45893698930740356, "total_loss": 3.6901495456695557}
{"data_time": 0.005548429675400257, "eta_seconds": 120.54915915895253, "fast_rcnn/cls_accuracy": 0.056640625, "fast_rcnn/false_negative": 0.02817460317460317, "fast_rcnn/fg_cls_accuracy": 0.03286637931034483, "iteration": 39, "loss_box_reg": 0.7549086213111877, "loss_cls": 2.4832851886749268, "loss_rpn_cls": 0.21928643435239792, "loss_rpn_loc": 0.08520341664552689, "lr": 9.99025e-06, "roi_head/num_bg_samples": 99.5, "roi_head/num_fg_samples": 28.5, "rpn/num_neg_anchors": 223.0, "rpn/num_pos_anchors": 33.0, "time": 0.4673541244119406, "total_loss": 3.5979820750653744}
{"data_time": 0.0057210419327020645, "eta_seconds": 112.579847891815, "fast_rcnn/cls_accuracy": 0.353515625, "fast_rcnn/false_negative": 0.421875, "fast_rcnn/fg_cls_accuracy": 0.0391337386018237, "iteration": 59, "loss_box_reg": 0.814243882894516, "loss_cls": 2.319950222969055, "loss_rpn_cls": 0.20980440080165863, "loss_rpn_loc": 0.12445142865180969, "lr": 1.4985249999999999e-05, "roi_head/num_bg_samples": 97.25, "roi_head/num_fg_samples": 30.75, "rpn/num_neg_anchors": 208.25, "rpn/num_pos_anchors": 47.75, "time": 0.47210426442325115, "total_loss": 3.493212305009365}
{"data_time": 0.005577067844569683, "eta_seconds": 102.49571175780147, "fast_rcnn/cls_accuracy": 0.75, "fast_rcnn/false_negative": 0.9371279761904762, "fast_rcnn/fg_cls_accuracy": 0.0, "iteration": 79, "loss_box_reg": 0.8274483382701874, "loss_cls": 2.051293969154358, "loss_rpn_cls": 0.28047876060009, "loss_rpn_loc": 0.15477215498685837, "lr": 1.9980250000000002e-05, "roi_head/num_bg_samples": 96.0, "roi_head/num_fg_samples": 32.0, "rpn/num_neg_anchors": 199.75, "rpn/num_pos_anchors": 56.25, "time": 0.4575569611042738, "total_loss": 3.3069997876882553}
{"data_time": 0.005773779004812241, "eta_seconds": 93.78003577608615, "fast_rcnn/cls_accuracy": 0.75, "fast_rcnn/false_negative": 1.0, "fast_rcnn/fg_cls_accuracy": 0.0, "iteration": 99, "loss_box_reg": 0.8575695157051086, "loss_cls": 1.6799351572990417, "loss_rpn_cls": 0.11287153512239456, "loss_rpn_loc": 0.136003315448761, "lr": 2.497525e-05, "roi_head/num_bg_samples": 96.0, "roi_head/num_fg_samples": 32.0, "rpn/num_neg_anchors": 199.5, "rpn/num_pos_anchors": 56.5, "time": 0.471297406591475, "total_loss": 2.7938917092978954}
{"data_time": 0.005998063832521439, "eta_seconds": 84.65709564741701, "fast_rcnn/cls_accuracy": 0.8125, "fast_rcnn/false_negative": 1.0, "fast_rcnn/fg_cls_accuracy": 0.0, "iteration": 119, "loss_box_reg": 0.7437468469142914, "loss_cls": 1.3818721175193787, "loss_rpn_cls": 0.13772115483880043, "loss_rpn_loc": 0.07168623805046082, "lr": 2.997025e-05, "roi_head/num_bg_samples": 104.0, "roi_head/num_fg_samples": 24.0, "rpn/num_neg_anchors": 226.25, "rpn/num_pos_anchors": 29.75, "time": 0.46897093672305346, "total_loss": 2.3422765489667654}
{"data_time": 0.005813769064843655, "eta_seconds": 75.35263074282557, "fast_rcnn/cls_accuracy": 0.767578125, "fast_rcnn/false_negative": 1.0, "fast_rcnn/fg_cls_accuracy": 0.0, "iteration": 139, "loss_box_reg": 0.7652578055858612, "loss_cls": 1.0958266854286194, "loss_rpn_cls": 0.11084030196070671, "loss_rpn_loc": 0.09717823937535286, "lr": 3.4965250000000005e-05, "roi_head/num_bg_samples": 98.25, "roi_head/num_fg_samples": 29.75, "rpn/num_neg_anchors": 218.25, "rpn/num_pos_anchors": 37.75, "time": 0.47474642284214497, "total_loss": 2.143510028719902}
{"data_time": 0.005594303831458092, "eta_seconds": 65.94834522809833, "fast_rcnn/cls_accuracy": 0.75390625, "fast_rcnn/false_negative": 1.0, "fast_rcnn/fg_cls_accuracy": 0.0, "iteration": 159, "loss_box_reg": 0.78324756026268, "loss_cls": 0.9949389696121216, "loss_rpn_cls": 0.18303332477808, "loss_rpn_loc": 0.13252495601773262, "lr": 3.996025e-05, "roi_head/num_bg_samples": 96.5, "roi_head/num_fg_samples": 31.5, "rpn/num_neg_anchors": 206.75, "rpn/num_pos_anchors": 49.25, "time": 0.46101352479308844, "total_loss": 2.0730620063841343}
{"data_time": 0.006031831726431847, "eta_seconds": 56.60147224459797, "fast_rcnn/cls_accuracy": 0.79296875, "fast_rcnn/false_negative": 1.0, "fast_rcnn/fg_cls_accuracy": 0.0, "iteration": 179, "loss_box_reg": 0.7547351717948914, "loss_cls": 0.8034407198429108, "loss_rpn_cls": 0.0646841749548912, "loss_rpn_loc": 0.05577699467539787, "lr": 4.4955249999999996e-05, "roi_head/num_bg_samples": 101.5, "roi_head/num_fg_samples": 26.5, "rpn/num_neg_anchors": 227.0, "rpn/num_pos_anchors": 29.0, "time": 0.4679805235937238, "total_loss": 1.8773617912083864}
{"data_time": 0.005814468488097191, "eta_seconds": 47.21427261084318, "fast_rcnn/cls_accuracy": 0.75, "fast_rcnn/false_negative": 1.0, "fast_rcnn/fg_cls_accuracy": 0.0, "iteration": 199, "loss_box_reg": 0.8435343205928802, "loss_cls": 0.8603744804859161, "loss_rpn_cls": 0.08736032992601395, "loss_rpn_loc": 0.09849924594163895, "lr": 4.9950250000000005e-05, "roi_head/num_bg_samples": 96.0, "roi_head/num_fg_samples": 32.0, "rpn/num_neg_anchors": 211.25, "rpn/num_pos_anchors": 44.75, "time": 0.453537012450397, "total_loss": 1.9168828837573528}
{"data_time": 0.0059994542971253395, "eta_seconds": 37.890241750516, "fast_rcnn/cls_accuracy": 0.75390625, "fast_rcnn/false_negative": 1.0, "fast_rcnn/fg_cls_accuracy": 0.0, "iteration": 219, "loss_box_reg": 0.7832729816436768, "loss_cls": 0.7649999260902405, "loss_rpn_cls": 0.10318083316087723, "loss_rpn_loc": 0.0795772597193718, "lr": 5.494525e-05, "roi_head/num_bg_samples": 96.5, "roi_head/num_fg_samples": 31.5, "rpn/num_neg_anchors": 223.5, "rpn/num_pos_anchors": 32.5, "time": 0.47597101889550686, "total_loss": 1.8882431630045176}
{"data_time": 0.005966990254819393, "eta_seconds": 28.53462650347501, "fast_rcnn/cls_accuracy": 0.765625, "fast_rcnn/false_negative": 1.0, "fast_rcnn/fg_cls_accuracy": 0.0, "iteration": 239, "loss_box_reg": 0.802097886800766, "loss_cls": 0.7730213701725006, "loss_rpn_cls": 0.10355215519666672, "loss_rpn_loc": 0.09771420061588287, "lr": 5.994025e-05, "roi_head/num_bg_samples": 98.0, "roi_head/num_fg_samples": 30.0, "rpn/num_neg_anchors": 207.0, "rpn/num_pos_anchors": 49.0, "time": 0.46673552598804235, "total_loss": 1.746803319081664}
{"data_time": 0.0062004635110497475, "eta_seconds": 19.18917925748974, "fast_rcnn/cls_accuracy": 0.7578125, "fast_rcnn/false_negative": 1.0, "fast_rcnn/fg_cls_accuracy": 0.0, "iteration": 259, "loss_box_reg": 0.813095211982727, "loss_cls": 0.7061745226383209, "loss_rpn_cls": 0.13456591963768005, "loss_rpn_loc": 0.0878416858613491, "lr": 6.493525e-05, "roi_head/num_bg_samples": 96.0, "roi_head/num_fg_samples": 32.0, "rpn/num_neg_anchors": 212.25, "rpn/num_pos_anchors": 43.75, "time": 0.47864293586462736, "total_loss": 1.7587921135127544}
{"data_time": 0.0052879489958286285, "eta_seconds": 9.835190051235259, "fast_rcnn/cls_accuracy": 0.779296875, "fast_rcnn/false_negative": 0.9140625, "fast_rcnn/fg_cls_accuracy": 0.0859375, "iteration": 279, "loss_box_reg": 0.8597080707550049, "loss_cls": 0.7124002277851105, "loss_rpn_cls": 0.10925288125872612, "loss_rpn_loc": 0.12726857513189316, "lr": 6.993025000000002e-05, "roi_head/num_bg_samples": 96.0, "roi_head/num_fg_samples": 32.0, "rpn/num_neg_anchors": 204.5, "rpn/num_pos_anchors": 51.5, "time": 0.4852128401398659, "total_loss": 1.8053526431322098}
{"data_time": 0.006097138859331608, "eta_seconds": 0.46900873351842165, "fast_rcnn/cls_accuracy": 0.82421875, "fast_rcnn/false_negative": 0.7421875, "fast_rcnn/fg_cls_accuracy": 0.2372448979591837, "iteration": 299, "loss_box_reg": 0.78507000207901, "loss_cls": 0.6440942585468292,